,FEAT,P_VALUE,LR_WEIGHT
0,000,0.16251151292720956,0.009358264878324052
1,10,0.017856003781918765,0.0
2,100,0.003959057001939219,0.010440256055539898
3,11,0.7983589876005666,0.0
4,12,0.06860350658764847,0.0
5,13,0.19601286513796157,0.0
6,14,0.9291247148550087,0.0
7,15,0.42614896400563995,0.0
8,16,0.1290797285941872,0.0
9,17,0.1200567039395665,0.0
10,18,0.07145160722172515,0.0
11,19,0.4656789976100776,0.0
12,1900,0.9988133674674865,0.0
13,1904,0.5501869390336691,0.0
14,1905,0.22665476031619936,0.0
15,1906,0.5384781279381867,0.0
16,1907,0.17448841975605933,0.0
17,1908,0.15193111670360124,0.0
18,1909,0.3070991233182746,0.0
19,1910,0.02828231904194868,0.0
20,1911,0.020512984968771922,0.0
21,1912,0.1004785300730142,0.0
22,1913,0.00026715219637465346,0.0
23,1914,0.013026735974677536,0.0
24,1915,0.8246754205480129,0.0
25,1916,0.5956099800419885,0.0
26,1917,0.20370900394441305,0.0
27,1918,2.250819593692275e-05,0.0
28,1919,0.13452942510372218,0.0
29,1920,0.002124906625392567,0.0
30,1921,0.4616279645738274,0.0
31,1922,0.781148676173462,-0.7697957220219722
32,1923,0.23745776943306807,0.0
33,1924,0.5674161804893418,0.0
34,1925,0.00026767744813535767,0.0
35,1926,0.006757182984761472,0.0
36,1927,0.10178780167318972,0.0
37,1928,0.16748140682799562,0.0
38,1929,0.10051946963662003,0.0
39,1930,0.4122669327989542,0.0
40,1931,0.750940846819927,0.0
41,1932,0.3630397807849802,0.0
42,1933,0.8366078188829215,0.0
43,1934,0.05645555156169728,0.0
44,1935,0.18229585364800494,0.0
45,1936,0.7628880348275152,0.0
46,1937,0.18798263238756918,0.0
47,1938,0.06877140369338704,0.0
48,1939,0.5011785852832281,0.0
49,1940,0.011562659544579534,0.0
50,1941,0.1224676256283426,0.0
51,1942,0.5670207419590693,0.0
52,1943,0.03209096153886817,0.0
53,1944,0.05793271959789575,0.0
54,1945,0.00017180376694573708,0.0
55,1946,0.37010579694969925,0.0
56,1947,0.28063197915476745,0.0
57,1948,0.0011169087086894513,0.0
58,1949,0.2458406418170569,0.0
59,1950,0.0016027301269683032,0.0
60,1951,0.5003548832242148,0.0
61,1952,0.1548306341439319,0.0
62,1953,0.008123216487192443,0.0
63,1954,0.01129344391389317,0.0
64,1955,0.015988917449770115,0.0
65,1956,0.01510534468592692,0.0
66,1957,0.00016342528717194234,0.0
67,1958,0.16010184991055065,0.0
68,1959,0.08199297447204047,0.0
69,1960,0.021049618150983176,0.0
70,1961,0.056311616088545874,0.0
71,1962,0.49895673193316314,0.0
72,1963,0.14262787425020249,0.0
73,1964,0.006039601380185043,0.0
74,1965,0.02435536008718784,0.13118658421300877
75,1966,0.01923514141999304,0.0
76,1967,0.07246040882543417,0.0
77,1968,0.0024017461951874224,0.0
78,1969,0.3324216133153879,0.0
79,1970,0.00190228444043723,0.0
80,1971,0.6371471413211908,0.0
81,1972,0.18636734259425936,0.0
82,1973,0.2065627246876277,0.0
83,1974,0.76313790559736,0.0
84,1975,0.5855761869787967,0.0
85,1976,0.6753608960927642,0.0
86,1979,0.0006213142040551111,0.0
87,1980,0.14168109002737606,0.0
88,1984,0.1731071081943334,0.0
89,20,0.24510892939089202,0.0
90,200,0.6420076940970227,0.0
91,20th,0.74073944423211,-0.1257992797515999
92,21,0.0627590665949627,0.0
93,22,0.01521621439091931,0.0
94,23,0.08979940702480146,0.0
95,24,0.4378830783177946,0.0
96,25,4.7655166481570666e-05,0.0
97,26,0.0018751074725530388,0.0
98,27,0.746848449332667,0.0
99,28,0.056792023569476366,0.0
100,29,0.003997513766940909,0.0
101,30,0.03515406448369571,0.0
102,300,0.005828932920115299,0.0
103,31,0.24699328373636742,0.0
104,35,0.033914534281535215,0.0
105,40,0.19203664518958252,0.0
106,50,0.22696102672163643,0.0
107,500,0.030936305295846758,0.0
108,60,0.017001176082011356,0.0
109,70,0.02915509990994185,0.0
110,80,0.2902259468446512,0.0
111,abandoned,0.02119004120190684,0.0
112,ability,0.012771829506540197,0.0
113,able,0.28837186057950914,0.0
114,abroad,0.5147674943061655,0.0
115,academy,0.02968522731618283,0.14131469868356095
116,accept,0.031864955600124,0.0
117,accepted,0.08457439852452645,0.0
118,accompanied,0.008360238476561083,0.0
119,account,0.029308255301449523,0.0
120,accused,0.20879384405381163,0.0
121,achieved,0.0005986537621480269,0.0
122,achievement,0.14859378747507163,0.0
123,achievements,0.40240461959256635,0.0
124,acted,0.2905093798872397,0.0
125,acting,0.10835197978343437,0.0
126,action,5.367525240705126e-05,0.0
127,active,0.4107938823190769,0.0
128,activities,0.4127796838937944,0.0
129,activity,0.33373252938391484,0.0
130,actor,0.05885802181138927,0.46692451260737267
131,actress,0.0010431921050127234,-0.5472856658214401
132,addition,0.1347575028418349,0.0
133,administration,9.093941159427387e-05,0.0
134,admitted,0.0012925498469589921,0.0
135,advance,0.044535466296440576,0.0
136,advanced,0.00025687194867205323,0.0
137,advice,0.23091427045416368,0.0
138,affair,0.32821368369565473,0.0
139,affairs,0.05242006018535113,0.0
140,africa,0.5271154879597202,0.0
141,afternoon,0.9247947894514834,0.0
142,afterward,0.3631881039513477,0.0
143,age,0.28093742634191954,0.0
144,ago,0.03295706179585971,0.00012300729425051933
145,agreed,0.1772308455711995,0.0
146,ahead,0.0013927982036461837,0.0
147,aid,0.01000191664638317,0.0
148,air,0.0020972458464488123,0.0
149,allowed,0.6960272778063405,0.0
150,american,0.0001474236855330515,0.0
151,americans,0.06946892172878454,0.0
152,announced,0.6820062106713878,0.0
153,announcement,0.0005131923530476959,0.0
154,annual,0.9446140895850699,0.0
155,answer,0.6686084313994938,0.0
156,anti,0.7238193974120648,0.0
157,apart,0.07396825460616743,0.0
158,apartment,0.7856952832323564,0.0
159,apparent,0.34931251651927964,0.0
160,apparently,0.005137413873906315,0.0
161,appeal,0.2783553071079691,0.0
162,appear,0.7137006905902139,0.0
163,appearance,0.3303127068964604,0.0
164,appearances,0.7655516551239462,0.0
165,appeared,0.981058510114755,0.0
166,applied,0.3909358402119204,0.0
167,appointed,0.0008816258574849196,0.0
168,appointment,0.022431747237366326,0.0
169,approach,0.017633793132288765,0.0
170,area,0.7897708934387713,0.0
171,armed,0.002758357825510621,0.0
172,arms,0.0027457939584307565,0.0
173,army,0.0013627521442852268,0.0
174,arrested,0.3517093562089757,0.0
175,arrived,0.24471992404576748,0.0
176,article,0.9043350907489269,0.0
177,articles,0.8999861179659373,0.0
178,artist,0.8613872042415879,0.0
179,artists,0.58132085542058,0.0
180,arts,0.4669689579516264,0.0
181,aside,0.06275782987536387,0.0
182,assistant,1.7910477658362665e-05,0.0
183,associate,0.11414700932413495,0.0
184,associated,0.06960030008109108,0.0
185,associates,0.000845403727694662,0.0
186,association,0.5092945378430873,0.0
187,assumed,0.016377176519979525,0.0
188,atlantic,0.11115908428008771,0.0
189,attack,0.012312758548102104,0.0
190,attacked,0.00230257057569214,0.0
191,attempt,0.0017294393928619642,0.0
192,attend,0.07117420059170114,0.0
193,attended,0.42777418490716745,0.0
194,attention,0.3915872572239264,0.0
195,attitude,0.2546140432282539,0.0
196,attracted,0.007727944709075687,0.0
197,audience,0.575947514165232,0.0
198,audiences,0.02335448129519538,0.0
199,aug,0.008124191538012969,0.0
200,author,0.4130026369476272,0.0
201,authority,0.12909737582432207,0.0
202,autobiography,0.700870508455713,0.0
203,avenue,0.4716417461118423,-0.47772821659828496
204,award,0.622190648616259,0.0
205,awarded,0.425849328434179,0.0
206,awards,0.7691247056265252,0.0
207,away,0.007534886301242113,0.0
208,bad,0.0016336124642544487,0.0
209,bank,0.00040659258649590794,0.0
210,based,0.038070598441326334,0.0
211,basic,0.05627867954797835,0.0
212,basis,0.00010201906127773809,0.0
213,battle,0.027990263200030972,0.006513620424752374
214,beautiful,0.05059327927897414,0.0
215,bed,0.5430334056360921,0.0
216,began,0.16476234901606412,0.0
217,begun,0.5518070419645038,0.0
218,behalf,0.87950914951718,0.0
219,belief,0.034096271675423936,0.0
220,believe,0.009272640168486935,0.0
221,believed,0.004059397065293648,0.0
222,berlin,0.5456858491342663,0.0
223,big,0.0011839431279189253,0.07646373479061802
224,biography,0.41107347479317446,0.0
225,birth,0.30891254215413,0.0
226,birthday,0.0820127966033302,0.0
227,bit,0.25726284887540685,0.0
228,bitter,0.0019396409616765757,0.0
229,black,0.07743600279292831,0.05847873080356054
230,blood,0.42772992497734486,0.0
231,blue,0.4405353683669261,0.0
232,board,0.08807470650761622,0.0
233,body,0.33359040683855856,0.0
234,book,0.8788182508305036,-0.07820804308757155
235,books,0.23031533118485403,0.26651615113328464
236,born,0.7357706483387976,0.0
237,boston,0.46183507445799654,0.0
238,bought,0.31184943143060706,0.0
239,box,0.8372002623565014,0.0
240,boy,1.1508648379857965e-09,0.0
241,boys,0.00011089319018869522,0.0
242,break,2.562157317723917e-05,0.0
243,brief,0.0470283010775205,0.0
244,briefly,0.3779681703384855,0.0
245,brilliant,0.9801642867625008,0.0
246,bring,0.00878610523590877,0.0
247,britain,0.15670337926591607,0.0
248,british,0.9837785844490874,0.0
249,broad,0.00022500738853048117,0.0
250,broadway,0.358142034292541,-0.18002364015543348
251,broke,0.057421270247589334,0.0
252,broken,0.006121691078988165,0.0
253,brooklyn,0.6611668256972693,0.0
254,brother,0.18135113212927978,0.0
255,brothers,0.4818815604054696,0.0
256,brought,0.010178414625496813,0.02473904529987478
257,brown,0.07653318279071374,0.0
258,build,0.27701374283448144,0.0
259,building,0.0014712975171912587,0.0
260,built,2.7879381499621334e-05,0.22621531246587176
261,burial,0.4866740247766659,0.0
262,business,0.0016608679786813368,0.0
263,calif,0.4541233939319439,0.0
264,california,7.547278428538493e-05,0.0
265,called,0.0006344305217038219,0.06883312429957096
266,calling,0.18292195043972348,0.0
267,came,0.028531671296599195,0.0
268,camp,0.00036918655070736217,0.0
269,campaign,0.0007965730510594781,0.0
270,cancer,0.46119619157796377,0.0
271,candidate,0.0031277209056929625,0.0
272,capacity,0.005735500738056014,0.0
273,capital,0.02689732886171175,0.0
274,captured,0.022893724019588942,0.0
275,car,0.05665783553092996,0.0
276,care,0.9623384620972849,0.0
277,career,0.38231791572478413,0.0
278,carried,5.399942206509278e-05,0.0
279,case,0.031894604090026216,0.0
280,cast,0.5803071605762091,0.0
281,caught,0.10656263434607709,0.0
282,cause,0.8487552269882062,0.0
283,caused,0.004572032318577882,0.0
284,causes,0.25389364797524383,0.0
285,celebrated,0.5193435727583005,0.0
286,center,0.03783404870262496,0.0
287,central,0.16316494006797821,0.0
288,century,0.23866755193228573,-0.16311425568230448
289,certain,0.08108329421078528,0.0
290,chair,0.08834774555481333,0.0
291,chairman,7.907198652336104e-05,0.0
292,change,0.6559899917544352,0.0
293,changed,0.37468205636364516,0.0
294,changes,0.795133872063961,0.0
295,character,0.6156035246338818,0.0
296,characteristic,0.08967115058574007,0.0
297,characters,0.7710499311932446,0.0
298,charge,0.0064203600877796516,0.0
299,charged,0.2596038525567158,0.0
300,chicago,0.003016344903544134,0.0
301,chief,1.4477290834455176e-05,0.0
302,child,0.1162764861841251,-0.2571390161100553
303,childhood,0.04738460468848792,0.0
304,children,0.2767488534392436,0.0
305,choice,0.007134053772735285,0.0
306,chose,0.8283148827530441,0.0
307,chosen,0.24193647237130733,0.0
308,church,0.3613324201038225,0.3232816292346953
309,circle,0.6758702722785589,0.0
310,circumstances,0.1611310175576618,0.0
311,cities,0.7953974436085047,0.0
312,city,0.0029959070444118743,0.0
313,civil,0.0007602255632169838,0.0
314,class,0.0028268209975095375,0.0
315,classic,0.41010266640026194,0.0
316,clear,0.13531304420499599,0.0
317,clearly,0.2568445103273498,0.0
318,clock,0.2743281447275643,0.0
319,close,0.0023457887139918267,0.0
320,closed,0.11195855900830622,0.0
321,club,0.005302020602967022,0.0
322,coast,0.196154351871494,0.0
323,cold,0.7062131500607407,0.0
324,colleagues,0.004145489101224924,0.0
325,collection,0.01472362616735733,0.0
326,college,0.7824762689893241,0.0
327,colonel,0.011968495661130053,0.0
328,columbia,0.9492742762572485,0.0
329,comes,0.43410292300527076,0.0
330,coming,0.42646902044945945,0.0
331,command,0.000246180928635413,0.0
332,commercial,0.33729493195884996,0.0
333,commission,0.013628576956049828,0.0
334,committee,0.053290477311464794,0.0
335,common,0.010232357214037226,0.0
336,communist,0.00035398922875423233,0.0
337,community,0.0011666133841360185,0.0
338,company,0.053720576042681774,0.0
339,complete,0.005931511346526317,0.0
340,completed,0.0003596781268028692,0.0
341,completely,0.033304429604267084,0.0
342,complex,0.26721826971909457,0.0
343,concern,0.009051342953615794,0.0
344,concerned,0.09574194636916848,0.0
345,concluded,0.6022954141876993,0.0
346,condition,0.3821537391399311,0.0
347,conduct,0.0037735071307601928,0.0
348,conducted,0.331737092016564,0.0
349,conference,0.45776448349784327,0.0
350,conferred,0.20024888652702233,0.0
351,confidence,0.02956160978874148,0.0
352,conflict,7.42410872521329e-05,0.0
353,congress,0.5476474803893328,0.0
354,conservative,4.291324814353635e-05,0.0
355,considerable,0.30214544740267424,0.0
356,considered,0.04589686158956232,0.0
357,constant,0.37229084811699675,0.0
358,constitution,0.2377103287863397,0.0
359,continue,0.11466717732227578,0.0
360,continued,0.06355849495793961,0.0
361,contract,0.6216384676483606,0.0
362,contributed,0.27923732202057094,0.0
363,contribution,0.0019425335664034246,0.0
364,control,0.8618376486546535,0.0
365,controversy,0.19020871041612752,0.0
366,convention,0.030983305200478425,0.0
367,convinced,0.008193733343755184,0.0
368,cost,0.0004027573402179236,0.0
369,council,0.08173184144218318,0.0
370,countries,0.2904782977748226,0.0
371,country,0.0018024736201856487,-0.24460926761274118
372,county,0.0038679587337652754,0.0
373,couple,0.2027688739287059,0.0
374,courage,0.07765165751945598,0.0
375,course,0.041518759777461486,0.0
376,court,0.06968605193194674,0.0
377,create,0.4878153960828643,0.0
378,created,0.006207709180632865,0.0
379,credit,0.1124266378582675,0.0
380,credited,0.20181984727760904,0.0
381,critic,0.29669605878531446,0.0
382,critical,0.18387210382492192,0.0
383,criticism,0.0028263307066718874,0.0
384,criticized,0.42599162627593734,0.0
385,critics,0.8409823296662949,0.0
386,cross,0.49621785910084604,0.0
387,culture,0.9544695764663966,0.0
388,cut,0.031022568353906578,0.0
389,daily,0.008273849373129234,0.0
390,dark,0.43757667037887427,0.0
391,daughter,0.003852695242497161,-0.25900377242843575
392,daughters,0.39524147729970127,0.0
393,day,0.01892290390533492,0.0
394,days,0.036185587056631933,0.0
395,dead,0.3275590982784097,0.0
396,deal,0.0009400589177684799,0.0
397,death,0.8921901050559262,-0.2030315806636332
398,debut,0.02895501708455655,-0.06605570561408976
399,dec,0.04643956169821922,0.0
400,decade,0.011125298267389325,0.0
401,decades,0.6781212103364767,0.0
402,december,0.008428917432995123,0.0
403,decided,0.0047710324685178735,0.0
404,decision,0.00046509963342207403,0.0
405,declared,0.00812101992324983,0.0
406,declined,0.001303879645391098,0.0
407,deep,0.24237217004835443,0.0
408,deeply,0.33257176031878877,0.0
409,defeat,2.0584518060780057e-05,0.0
410,defeated,0.00037578430162237686,0.0
411,defense,0.0018880011745486033,0.0
412,degree,0.3262168423141826,0.0
413,delivered,0.004133672791107229,0.0
414,demand,0.8507766626476644,0.0
415,democratic,0.0001505841946860391,0.0
416,denied,0.34265748127593454,0.0
417,department,6.836562317355855e-05,0.0
418,described,0.5928788764268318,0.0
419,despite,0.11698880955045039,0.0
420,details,0.09704866868096138,0.0
421,determination,0.20730451439507291,0.0
422,determined,0.5362923588495159,0.0
423,developed,5.397884553228863e-05,0.0
424,development,5.301500140365491e-05,0.10725307641821187
425,devoted,0.9542569486273967,0.0
426,didn,0.2524105292493928,0.0
427,die,0.6981657539555746,0.0
428,died,0.3166891267728654,0.0
429,dies,0.7987659012455492,0.0
430,different,0.1421025605928174,0.0
431,difficult,0.6608332024837551,0.0
432,dinner,0.6293745578426474,0.0
433,direct,0.017223218868252354,0.0
434,directed,0.0325019316812656,0.0
435,direction,0.0012433718492940121,0.0
436,director,0.1626120460181103,0.2766734812083482
437,discovered,0.14251416829735103,0.0
438,disease,0.8960655509416544,0.0
439,distinguished,0.011036543377309173,0.0
440,district,0.017908400237824397,0.0
441,divided,0.2622637729367503,0.0
442,division,0.0022986390047341106,0.0
443,divorce,0.04762148964029355,0.0
444,divorced,0.3436964513183025,0.0
445,doctor,0.17267821411636008,0.0
446,doing,0.08670558109804777,0.0
447,doubt,0.045383956696566044,0.0
448,dozen,0.9984162668700356,0.0
449,dr,0.004013992458721588,0.20200660400279308
450,drama,0.09664170414986054,0.0
451,dramatic,0.1305746904938059,0.0
452,drawn,0.30053085857101214,0.0
453,dream,0.030130406927384754,0.0
454,drive,0.025146634575678853,0.0
455,dropped,0.0006394057653264436,0.0
456,drove,0.00026176978842910295,0.0
457,duties,0.003525376502186234,0.0
458,duty,0.08563877532805786,0.0
459,earlier,0.09574210799746846,0.0
460,early,0.0019290779913950255,0.41933208819374923
461,earned,0.35550128639575684,0.0
462,earth,0.17109566570147727,0.0
463,east,0.2118411604277426,0.0
464,easy,0.2864124649069849,0.0
465,economic,0.010366208392681528,0.0
466,economy,0.20787785619193055,0.0
467,editor,0.5857130510733706,-0.056335361067190406
468,educated,0.30965829378927434,0.0
469,education,0.013191311969412436,0.0
470,effect,0.01889989303899406,0.0
471,effort,0.004047439232313821,0.0
472,efforts,0.002492003173912175,0.0
473,elder,0.2627133596759911,0.0
474,elected,1.4573279816452127e-06,0.0
475,election,0.02731519048251203,0.0
476,emerged,0.572643857797714,0.0
477,emotional,0.570243176963315,0.0
478,empire,0.7994786078518337,0.0
479,encouraged,0.5523484328100908,0.0
480,end,0.007558439832116455,0.0
481,ended,0.3223716445494079,0.0
482,energy,0.0017023652538697724,0.0
483,engaged,0.030531304849988783,0.0
484,england,0.29600939586183017,-0.14361906241943684
485,english,0.5089388520936561,0.0
486,enjoyed,0.47407116046903974,0.0
487,enormous,0.02138702428856276,0.0
488,entered,0.05814377406122464,0.0
489,entire,0.001873943900227284,0.0
490,entirely,0.39862097119469964,0.0
491,equal,0.590144509058598,0.0
492,especially,0.0728700414923585,0.0
493,established,0.03186863297707629,0.0
494,establishment,0.100283948697138,0.0
495,estate,0.5835621524461991,0.0
496,europe,0.04208624811878925,0.0
497,european,0.6690049662224435,0.0
498,evening,0.9789362433804276,0.0
499,event,0.8262957613524874,0.0
500,events,0.0659256532416489,0.0
501,eventually,0.1062516516664011,0.0
502,evidence,0.05677641371666523,0.0
503,example,0.0012893526148598058,0.0
504,executive,0.13607007920245628,0.0
505,existence,0.30899648967524573,0.0
506,expected,0.0287372724406057,0.0
507,experience,0.5311132343156157,0.0
508,explained,0.005762082033290265,0.0
509,express,0.7546351459988672,0.0
510,expressed,0.948052159714118,0.0
511,expression,0.1442154620721387,0.0
512,extent,0.3825164750497223,0.0
513,extraordinary,0.9564709534262505,0.0
514,eye,0.8602976962402479,0.0
515,eyes,0.43122867511645957,0.0
516,face,0.04956823463850745,0.0
517,faced,0.17652272188685525,0.0
518,fact,0.25376647378152206,0.0
519,failed,0.007634468903937964,0.0
520,failure,0.00045856807101068775,0.0
521,fair,0.8419466006692973,0.0
522,fall,0.013647987950616393,0.0
523,fame,0.2690088099671655,0.0
524,familiar,0.5239658293974039,0.0
525,family,0.535558652088248,0.0
526,famous,0.8002709255500555,0.0
527,farm,0.32150480107121926,-0.07458834176667548
528,fashion,0.7115039382407944,-0.11360142354849281
529,father,0.9566681680732365,-0.041824605025143846
530,favor,0.8894116914165475,0.0
531,favorite,0.1510863815517264,0.0
532,fear,0.016525193645121193,0.0
533,feb,0.06796239535913176,0.0
534,february,0.32671702196482366,0.0
535,federal,6.667316819150051e-07,0.0
536,feel,0.7303390668238026,0.0
537,feeling,0.06746509753830027,0.0
538,feelings,0.4457277443287849,0.0
539,feet,0.06359016887150468,0.0
540,fell,0.047189673657740905,0.0
541,fellow,0.00011687532182213349,0.0
542,felt,0.299615329216368,0.0
543,field,0.011721679711475433,0.0
544,fields,0.009675397390265508,0.0
545,fifth,0.08704619443268702,0.0
546,fight,0.033217342769565776,0.0
547,fighting,1.0539507485320589e-05,0.0
548,figure,0.41436240623940257,0.0
549,figures,0.6883499676932019,0.0
550,filled,0.011115585024447823,0.0
551,film,0.8058430407076893,0.0
552,films,0.9902380681856374,0.1304174706219437
553,final,0.0005829674413803616,0.0
554,finally,0.022018968441360528,0.0
555,financial,0.028352900331377585,0.0
556,fine,0.7494203622357307,0.0
557,finest,0.811153363876787,0.0
558,finished,0.1606399534557844,0.0
559,firm,0.06665087229827207,0.0
560,floor,0.1630058079770611,0.0
561,follow,0.06080871767452538,0.0
562,followed,0.28014758054444366,-0.4578621659120807
563,following,0.08015593505220489,0.0
564,food,0.0207365824722285,0.0
565,foot,0.2681519198321004,0.0
566,force,0.000980088436458567,0.0
567,forced,0.02557467539506451,0.0
568,forces,6.310780291007276e-05,0.0
569,foreign,0.03869891064138346,0.0
570,forget,0.6066565271779318,0.0
571,form,0.22981194312630915,0.0
572,formal,0.24014231640330863,0.0
573,formed,0.00025145214552407184,0.0
574,fortune,0.49907492890541594,-0.08669980896735385
575,forward,0.03173084025024723,0.0
576,fought,0.02274196811244895,0.0
577,foundation,0.01397043348566482,0.0
578,founded,0.6259104187944332,0.0
579,founder,0.9210172638123206,0.0
580,fourth,0.0004258017969972695,0.0
581,free,0.0005656346804970431,0.0
582,freedom,0.02681242330961723,0.0
583,french,0.1128662220378284,0.0
584,frequent,0.6044550639533975,0.0
585,frequently,0.29827939626880273,0.0
586,friday,0.7023860520034111,0.0
587,friend,0.47655160541575203,0.0
588,friends,0.1521162511305667,-0.012410201777004486
589,friendship,0.00976420216488315,0.0
590,fully,0.148632610092721,0.0
591,fund,0.06961199589089333,0.0
592,funds,0.022319523406555714,0.0
593,funeral,0.549277014791641,0.0
594,future,0.03900810347260082,0.0
595,gained,0.25274069237147767,0.0
596,game,0.5469263395842341,0.0733318157794591
597,gave,0.1772543456981468,-0.4073251836214163
598,general,0.002594304561475019,0.0
599,generally,0.0004672822099391828,0.0
600,generation,0.11554059524506391,0.0
601,generations,0.43401621633199994,0.0
602,genius,0.326965307947786,0.0
603,germany,0.019839933769554403,0.0
604,getting,0.006842418828169229,0.0
605,girl,7.386418178252729e-05,-0.9113587528617451
606,given,0.525504856833088,0.0
607,giving,0.04103038814998211,0.0
608,god,0.8044842828198395,0.0
609,going,0.16031856885178553,0.0
610,gold,0.4211973004798717,0.0
611,gone,0.8702373034145385,0.0
612,government,0.07309624820676107,0.0
613,governor,0.006216936674749492,0.15488865683872485
614,graduated,0.18601104283176573,0.0
615,grand,0.1408564157810651,0.0
616,grandchildren,0.6660418931921792,0.0
617,grandfather,0.06664778482263703,0.0
618,gray,0.0012570663483822031,0.0
619,greater,0.7563193552651403,0.0
620,greatest,0.010666714954601019,0.0
621,greatly,0.16227769578223483,0.0
622,green,0.6902186902908409,0.0
623,grew,0.35647124898369,0.0
624,ground,4.416359253673659e-05,0.0
625,group,0.00020359084356178915,0.0
626,groups,0.16382474179813455,0.0
627,growing,0.05164169440922767,0.0
628,guest,0.6883994359218738,0.0
629,hailed,0.6023877725221368,0.0
630,hair,0.1975134860292599,0.0
631,half,0.051750812459281606,0.0
632,hall,0.26041031576127915,0.0
633,hand,0.060421003347429815,0.0
634,hands,0.07750825828187044,0.0
635,happened,0.18508362574225146,0.0
636,happy,0.298555805063383,0.0
637,hard,0.005680679095981965,0.0
638,harvard,0.00016364732954599694,0.0
639,hat,0.7511948412970564,0.0
640,having,0.697218964105776,0.0
641,head,3.4154649446523475e-05,0.07607867067796449
642,headed,0.010548898987013503,0.0
643,headquarters,0.0031396182844196123,0.0
644,health,0.35390810995045763,0.0
645,hear,0.03497231411131583,0.0
646,heard,0.21837518126486055,0.0
647,heart,0.011640446141244907,0.00873196645540567
648,heavy,0.0016249883500946971,0.0
649,held,0.2301106907044701,0.0
650,help,0.00017690443104787177,0.0
651,helped,0.12431764164203207,0.0
652,helping,0.2649439228363709,0.0
653,hero,1.4507691319956486e-06,0.0
654,high,5.963515026644449e-07,0.1999889643025407
655,higher,0.007223265279285066,0.0
656,highest,0.013666212990139101,0.0
657,highly,0.16228551855384998,0.0
658,hill,0.2161443412589268,0.0
659,hills,0.419945842398736,0.0
660,history,0.6451479063399377,0.0
661,hit,0.5881887155337913,0.0
662,hold,0.14382877008410128,0.0
663,holding,0.24668706246850802,0.0
664,hollywood,0.6384828333052428,0.0
665,honor,0.5454890181584037,0.0
666,honorary,0.7464755965202872,0.0
667,honored,0.8809271046147705,0.0
668,honors,0.7691397887167553,0.0
669,hospital,0.4170854199151107,0.0
670,hotel,0.05156584532172991,0.0
671,hour,0.8027121940071598,0.0
672,hours,0.09537211441772124,0.0
673,house,0.7278270585679706,-0.1713389128550571
674,huge,0.12982221498936194,0.0
675,human,0.0697250670676341,0.05527950125920849
676,humor,0.011671076089260938,0.0
677,hundreds,0.20374606064542977,0.0
678,husband,4.48746207157212e-08,-0.9642897183427607
679,idea,0.0008245554259577704,0.0
680,ideas,0.005193166598020444,0.0
681,ii,0.0446726256563358,0.0
682,illness,0.7330351633169758,0.0
683,immediate,0.11566986117800496,0.0
684,immediately,0.26042830186742727,0.0
685,importance,0.031506792392981174,0.0
686,important,0.0012575885085867775,0.0
687,impossible,0.030218411090520536,0.0
688,impressed,0.0056852030303989115,0.0
689,impression,0.0029680919023820527,0.0
690,inches,0.1218101528800304,0.0
691,incident,0.01646878650473395,0.0
692,included,0.49116338494711964,0.0
693,including,0.05888481064352825,0.0
694,income,0.3778430440474392,0.0
695,increased,0.07486250177745285,0.0
696,increasingly,0.04615268296512729,0.0
697,independence,0.538790279252013,0.0
698,independent,0.13450304774916316,0.0
699,individual,0.31568092141656023,0.0
700,industrial,0.005702002163632497,0.0
701,industry,0.037078716370252,0.0
702,influence,0.012312915884396855,0.0
703,influenced,0.008857357697846052,0.0
704,influential,0.23086272246419737,0.0
705,informed,0.03093708072897015,0.0
706,insisted,0.013117819611527247,0.0
707,inspired,0.9443289379580657,0.0
708,institute,0.0015314609228268723,0.0
709,intellectual,0.07422467022653285,0.0
710,intelligence,0.07023901826984053,0.0
711,interested,0.05901727476620355,0.0
712,interests,0.0008202628448557777,0.0
713,international,0.9037062330980985,0.0
714,interview,0.27215548561927994,0.0
715,introduced,0.8293927381387411,0.0
716,invasion,3.498513523146604e-05,0.0
717,invited,0.03016762498981532,0.0
718,involved,0.0019163256625094015,0.0
719,island,0.2718623983485773,0.0
720,issue,0.1000491421748699,0.0
721,issued,0.1360880359932054,0.0
722,issues,0.13512020197362454,0.0
723,italian,0.9593074424568788,0.0
724,italy,0.6318989498022156,0.0
725,japan,0.005059640874538303,0.14175715889619844
726,job,0.011335768899128856,0.0
727,jobs,5.949459670068722e-05,0.0
728,join,0.004179644717250981,0.0
729,joined,0.000814199423647453,0.0
730,jr,0.0021844034426752226,0.0
731,july,0.10349884625789274,0.0
732,justice,0.007863816106791892,0.0
733,kennedy,0.7003566427727361,-0.04092695983821865
734,kept,0.010395326302686568,0.0
735,key,0.00021883821915365216,0.0
736,killed,0.5294168579109677,0.0
737,kind,0.4198265053462633,0.0
738,knew,0.1549842124956607,0.0
739,knowledge,0.08003509719668855,0.0
740,known,0.0002812047924642467,0.0
741,la,0.18222290218415793,0.03093786934047641
742,labor,0.062311661098514576,0.0
743,lack,0.018347137447591935,0.0
744,land,0.04471567005452677,0.0
745,language,0.34213571133743514,0.0
746,large,0.3125472190607089,0.0
747,largely,0.02040542953244305,0.0
748,largest,0.0003259054949864732,0.0
749,lasted,0.2467954891230978,0.0
750,late,0.002978209114915598,0.0
751,law,0.0077938821933723245,0.0
752,lawyer,0.008945080030356423,0.0
753,lay,0.15207655837428727,0.0
754,lead,0.0020448232081422173,0.0
755,leader,0.00010129563002109889,0.0
756,leaders,0.0002664975506133037,0.0
757,leadership,0.0008207441016372859,0.0
758,leading,0.028480474539930276,0.0
759,league,0.6790948469596607,0.0
760,learn,0.08467810972049691,0.0
761,learned,0.2627694359616862,0.0
762,leave,0.8757349335247133,0.0
763,leaves,0.9499932943640614,0.0
764,leaving,0.9713154417277201,0.0
765,led,0.0004600864389358595,0.0
766,length,0.8083258797072623,0.0
767,lessons,0.7396561915041232,0.0
768,letter,0.7528421464831514,0.0
769,letters,0.03936147137041185,0.0
770,liberal,0.19069745324008536,0.0
771,library,0.27547492967835185,0.0
772,lieutenant,0.0025527797939932386,0.0
773,life,0.6454398694798036,-0.04908626808307058
774,lifetime,0.8870578952336305,0.0
775,light,0.0995032051880208,0.0
776,liked,0.166060115781557,0.0
777,lines,0.037481914897032516,0.0
778,list,0.9947188247923497,0.0
779,literary,0.9046111615454175,0.0
780,literature,0.6894432601909454,0.0
781,little,0.2600599623711599,0.0
782,live,0.5357578106978526,0.0
783,lived,0.8839353515544103,0.0
784,lives,0.23389576609073115,0.0
785,living,0.12241745845817721,0.0
786,local,0.00012476497854881408,0.0
787,london,0.25648347071434474,0.0
788,longer,0.6682481441303987,0.0
789,look,0.671735384776379,0.0
790,looked,6.606573101508832e-05,0.0
791,looking,0.11916536049194512,0.0
792,los,0.05986293160048742,0.0
793,loss,0.05798559647423712,0.0
794,lost,0.015282436062584333,0.0
795,lot,0.1572956645869833,0.0
796,loved,0.5925273721276862,0.0
797,low,0.12982913677071453,0.0
798,lower,0.991054925422997,0.0
799,machine,0.05755781354332786,0.0
800,magazine,0.983870812361115,0.0
801,main,0.041495935946570014,0.0
802,maintained,0.018623818111601683,0.0
803,majority,0.060433744445964555,0.0
804,making,0.04372517695733799,0.0
805,managed,0.11045992936457756,0.0
806,manager,0.03642585334380236,0.0
807,manhattan,0.09094498541824528,0.0
808,manner,0.0944402458418235,0.0
809,march,0.004360460236666598,0.0
810,marked,0.003914502855075406,0.0
811,marriage,0.025232623662500456,0.0
812,married,0.058839738565114354,-0.22544553243011237
813,mass,0.5457601025832197,0.0
814,master,7.053482252288884e-08,0.0958592440447176
815,material,0.112456324545504,0.0
816,matter,0.007852621794583388,0.0
817,matters,0.5266844655495819,0.0
818,meaning,0.9909497561564274,0.0
819,means,0.09322071963894428,0.0
820,meant,0.4691009212935794,0.0
821,medal,0.5565941590663039,0.0
822,medical,0.12504407306259546,0.0
823,meet,0.13491459630294042,0.0
824,meeting,0.6664132578030459,0.0
825,meetings,0.5123446911543951,0.0
826,member,1.517870109255586e-08,0.0107168411676631
827,members,0.1007759753804502,0.0
828,membership,0.04398980381682259,0.0
829,memorial,0.4402256498908437,0.0
830,memory,0.998519426228098,0.0
831,men,0.0030738438531436024,0.1666897823317929
832,mental,0.3562489412415458,0.0
833,merely,0.07586899329133216,0.0
834,message,0.007755251699651406,0.0
835,met,0.833028863962106,0.0
836,methods,0.3265003625655616,0.0
837,mid,0.06655012160560457,0.0
838,middle,0.002217781124870041,0.0
839,military,0.00018304032142163742,0.0
840,millions,0.0029588970199723383,0.0
841,mind,0.4510955899980973,0.0
842,minister,0.9350328363345043,0.0
843,minor,0.0016477592281764243,0.0
844,minutes,0.5837236772482937,0.0
845,mission,0.05432096698300365,0.0
846,modern,0.42450033908113416,0.0
847,modest,0.016407694644104596,0.0
848,moments,0.05981181598002461,0.0
849,money,0.028063512195688752,0.15877505339701106
850,month,0.04067679232902662,0.0
851,months,0.22701052045296044,0.0
852,moral,0.2929438309751484,0.0
853,morning,0.07833598357354508,0.0
854,moscow,0.0016693925360829346,0.0
855,mother,0.0026570388060615266,0.0
856,motion,0.952610302266478,0.0
857,moved,0.9367600191090496,0.0
858,movement,0.548048197158324,0.0
859,movie,0.12339106638788282,0.0
860,movies,0.2935970983843065,0.0
861,moving,0.03798704697071291,0.0
862,music,0.0002366538237500919,0.20920159275491634
863,musical,0.059306623328923315,0.0
864,named,0.5235712671846144,0.0
865,names,0.4926117487486501,0.0
866,nation,0.00029719933420309575,0.0
867,national,0.22724910153285427,0.0
868,nations,0.09229498952467344,0.0
869,native,0.14464572268934128,0.0
870,natural,0.1831592829702653,0.0
871,nature,0.5911753662443913,0.0
872,navy,0.003285699889373668,0.0
873,nearly,0.5251646735210518,0.0
874,necessary,0.563095689259461,0.0
875,need,0.060858739544507455,0.0
876,needed,0.18725197631366208,0.0
877,negro,0.0026694465693004564,0.15166929587508532
878,news,0.012643108479323633,0.0
879,newspaper,0.10033323529426369,0.0
880,newspapers,0.014590476629015624,0.0
881,night,0.09650514626874168,0.0
882,nineteen,0.10924450609351909,0.0
883,nixon,0.17509106347844383,0.0
884,nobel,0.08853394579864413,0.0
885,nomination,0.0011692495417055598,0.0
886,north,0.0007049591381900274,0.0
887,northern,0.16452108579301072,0.0
888,notable,0.34081324824662196,0.0
889,note,0.8445442152199258,0.0
890,noted,0.8305376561578969,0.0
891,nov,0.05569584482639574,0.0
892,novel,0.9302244857954164,0.0
893,november,0.0032010515355241215,0.0
894,number,0.013266100939673208,0.0
895,obituary,0.0010498259479812015,0.0
896,observed,0.05489416002064998,0.0
897,obtained,0.20513307395973168,0.0
898,occasion,0.06282420176729149,0.0
899,occasionally,0.0624749326436956,0.0
900,occupied,0.033730410168727507,0.0
901,occurred,0.9438567951424611,0.0
902,oct,0.027755949734016037,0.0
903,october,0.013342952659401512,0.0
904,offer,0.7694130957386168,0.0
905,offered,0.2796955469311917,0.0
906,office,1.1051720681931458e-05,0.5611917637852105
907,officer,0.0006796317699935132,0.0
908,official,0.03300681449046234,0.0
909,officials,0.012744123988124805,0.0
910,ohio,0.022224200673967194,0.0
911,old,0.10213857214677872,0.0
912,older,0.3458120450205856,0.0
913,open,0.07040713029341521,0.0
914,opened,0.8780484979493298,0.0
915,opening,0.3170315865855877,0.0
916,operation,0.06920568697746779,0.0
917,opinion,1.1605187536237199e-05,0.0
918,opportunity,0.000999768599773567,0.0
919,opposed,0.250181603375762,0.0
920,opposition,0.3961839893335777,0.0
921,order,0.00012389257805495434,0.0
922,ordered,0.008258081006878325,0.0
923,ordinary,0.35777729109766043,0.0
924,organization,4.556653809092279e-05,0.0
925,organizations,0.14359063558776416,0.0
926,organized,0.009153542234579563,0.0
927,original,0.01292066317513041,0.0
928,outside,0.12139514947455869,0.0
929,owned,0.004460443667347407,0.0
930,pacific,0.0009193983549723001,0.0
931,paid,0.026633695085135828,0.0
932,paper,0.17362065470064214,0.0
933,papers,0.006959367369470724,0.0
934,parents,0.4524093160632904,0.0
935,park,0.024480415233365367,0.0
936,particular,0.0871018667002508,0.0
937,particularly,0.11868773231922475,0.0
938,parties,0.6794057783046581,0.0
939,parts,0.6370744641798411,0.0
940,party,0.021932614317077843,0.0
941,pass,0.11474002211540196,0.0
942,passed,0.7249658397465143,0.0
943,passing,0.06408499578242473,0.0
944,past,0.058440427133796984,0.0
945,pay,0.6832423941247996,0.0
946,peace,0.23427497864249092,0.0
947,people,0.5270644046845061,-0.12960946915363966
948,performance,0.8853773331654013,0.0
949,performances,0.054324148650836075,0.0
950,performed,0.3567656405089481,0.0
951,period,0.05356749209164603,0.0
952,permitted,0.00213952684843689,0.0
953,person,0.12941207126368945,-0.1310374279859482
954,personal,0.0026150077819995245,0.0
955,personality,0.7888304166967787,0.0
956,personally,0.011391016000221818,0.0
957,persons,0.2723094971202258,0.0
958,philadelphia,0.8456858001341581,0.0
959,philosophy,0.044547956490285014,0.0
960,physical,0.0210994179780147,0.0
961,physician,0.9658972468496572,0.0
962,picked,0.05939019959355396,0.0
963,picture,0.09237953613477044,0.0
964,pictures,0.9572473185539254,0.1150044069175475
965,piece,0.00021185931619909843,0.0
966,pioneer,0.659563476903173,0.0
967,place,0.03713120181421094,0.3638280982215397
968,placed,0.17253577079139037,0.0
969,places,0.33151741145758495,0.0
970,plan,9.288455470344435e-07,0.0
971,plane,0.0035081213712676255,0.0
972,planned,0.6113379557866061,0.0
973,plans,0.00694448616268972,0.0
974,play,0.7454337224557225,0.1145055696315734
975,played,0.08914183419290599,0.0
976,player,0.22279458308999334,0.0
977,playing,0.05224575196466386,0.0
978,plays,0.9325495940928085,0.0
979,poet,0.7535020154026877,0.0028400521798224937
980,poetry,0.9415169425117248,0.0
981,point,0.0009349301102230575,0.0
982,pointed,0.7105706916495522,0.0
983,police,0.054668801754340766,0.0
984,policies,4.164378714459748e-08,0.0
985,policy,8.116244018951133e-07,0.0
986,political,0.00046663662624317134,0.0
987,politics,0.0007490261583814043,0.0
988,poor,0.734653725608291,0.0
989,popular,0.014568524615336453,0.0
990,popularity,0.22348151540891048,0.0
991,position,0.098891660099244,0.0
992,possible,0.0004344980298568898,0.0
993,post,0.9297881154306967,-0.027902136645955915
994,power,0.042864119336231125,0.0
995,powerful,0.25984123436289885,0.0
996,powers,0.5527743708383734,0.0
997,practical,0.1780831376994082,0.0
998,practice,0.0004730602701647891,0.0
999,praise,0.8399476039867649,0.0
1000,praised,0.02060057426228067,0.0
1001,preferred,0.04522249890050613,0.0
1002,prepared,0.056735126916587685,0.0
1003,presence,0.035997180277737434,0.0
1004,present,0.10231127439736537,0.0
1005,presented,0.8089046686277338,0.0
1006,presidency,0.00605127676379571,0.0
1007,president,2.7015045065744005e-06,0.1529520563248295
1008,presidential,3.102551177719895e-05,0.0
1009,press,0.5124398200706363,0.0
1010,pressure,0.4570661164915516,0.0
1011,prevent,0.11716849202987825,0.0
1012,previous,0.1202022742699233,0.0
1013,prime,0.8970385735494057,0.0
1014,principal,1.0038837485752513e-05,0.0
1015,principles,0.014772121862444188,0.0
1016,private,0.33957447318712186,0.0
1017,prize,0.6676642661149035,0.0
1018,probably,0.04786611133240852,0.0
1019,problem,0.560940983257344,0.0
1020,problems,0.37943923624553866,0.0
1021,process,0.0016947052151883,0.0
1022,produce,0.02992345807578932,0.0
1023,produced,0.005920089225318314,0.19656253564523885
1024,producer,0.7299956412809782,0.0
1025,production,0.2852918902872189,0.0
1026,professional,0.6596776092071548,0.0
1027,professor,0.008896079839580748,0.14523412415149195
1028,profound,0.0036660466112580516,0.0
1029,program,0.10230193078507924,0.0
1030,progress,0.27927885388262075,0.0
1031,project,0.02799652632468236,0.0
1032,prominent,0.2449817542190067,0.0
1033,proposed,0.0024960112528307848,0.0
1034,protest,0.3067672721763406,0.0
1035,proved,2.1350295884412737e-06,0.0
1036,provided,0.14080501730811587,0.0
1037,public,0.0008632389900519331,0.0
1038,publication,0.8450964700560712,0.0
1039,publicity,0.36788876035202056,0.0
1040,published,0.7822850848490652,0.0
1041,purpose,0.0747064930909822,0.0
1042,quality,0.3372682037006799,0.0
1043,question,0.10887647027818737,0.0
1044,questions,0.8044851003263711,0.0
1045,quickly,0.14234516575111722,0.0
1046,quiet,0.2612942251946283,0.0
1047,quite,0.2795328370670813,0.0
1048,race,0.009490805404374665,0.0
1049,radio,0.5169021938347181,0.0
1050,raised,0.1386346999250178,0.0
1051,rarely,0.9170890552424984,0.0
1052,reach,0.5154731083544573,0.0
1053,reached,9.991842765308146e-05,0.0
1054,read,0.16080896599801686,0.0
1055,reading,0.4449652614698839,0.0
1056,ready,0.0008199707870172731,0.0
1057,real,0.5423923109214763,0.0
1058,realized,0.1491394066062399,0.0
1059,really,0.5733683997603138,0.0
1060,reason,0.0017002174830220225,0.0
1061,recalled,0.3444064193163159,0.0
1062,receive,0.7522239367594072,0.0
1063,received,0.07749411500672507,0.0
1064,receiving,0.01632942249761652,0.0
1065,recognition,0.056636722829945155,0.0
1066,recognized,0.06535377319196052,0.0
1067,record,0.1726728023666293,0.0
1068,records,0.01103394216305696,0.0
1069,red,0.013863962068466707,0.0
1070,referred,0.8984322139985901,0.0
1071,refused,0.0661104903967517,0.0
1072,regarded,0.0004170978353832545,0.0
1073,regular,0.1596203552385944,0.0
1074,rejected,0.8938035729273726,0.0
1075,relations,0.03110077270894488,0.0
1076,relationship,0.8187492025389033,0.0
1077,released,0.11768122620521183,0.0
1078,relief,0.09194857809956018,0.0
1079,religious,0.018288949391467135,0.0
1080,remain,0.7369047758961531,0.0
1081,remained,0.02329595546097795,0.0
1082,remarkable,0.9013058690929607,0.0
1083,remarked,0.034739401106873145,0.0
1084,remember,0.5160763695739994,0.0
1085,remembered,0.7324442988768984,0.0
1086,removed,0.12185793178226015,0.0
1087,report,0.06213296753353635,0.0
1088,reported,0.020014836508456337,0.0
1089,reporter,0.04725220248934805,0.0
1090,reports,0.12056493531806758,0.0
1091,representative,0.034934129671121736,0.0
1092,represented,0.39683204261622296,0.0
1093,republican,0.00014452425278762673,0.0
1094,reputation,0.0006394064949858596,0.0
1095,required,0.4684195627387804,0.0
1096,residence,0.23267871068138768,0.0
1097,resigned,0.010285906406695978,0.0
1098,respect,8.091691989268246e-05,0.0
1099,responsibility,0.010521961897338492,0.0
1100,responsible,0.027093633441064142,0.0
1101,rest,0.01224319939305184,0.0
1102,result,0.02949273957836958,0.0
1103,resulted,0.010328029789339789,0.0
1104,retained,0.12082041720026342,0.0
1105,retired,0.00017630270224867737,0.0
1106,retirement,0.0005913423465035528,0.0
1107,return,0.007278249428467318,0.0
1108,returned,0.0214903276316798,0.0
1109,returning,0.016360213974860073,0.0
1110,review,0.8153717634634521,0.0
1111,revolution,0.019748168279604197,0.0
1112,right,0.18118058909921586,0.0
1113,rights,0.8122294536818014,-0.11195381270346481
1114,rise,0.00039596463108535954,0.0
1115,river,0.22195328467766895,0.0
1116,road,0.061811662345326604,0.0
1117,role,0.3445774331486625,-0.19816118369243524
1118,room,0.5541710693186618,0.14276954837240088
1119,round,0.01579408975383833,0.0
1120,rule,0.0702829327005945,0.0
1121,running,0.12733050722377665,0.0
1122,russia,0.4488430433709274,0.0
1123,russian,0.21613781396691334,0.0
1124,salary,0.37342717379490586,0.0
1125,san,0.001694256827774953,0.0
1126,sat,0.2801450956099303,0.0
1127,saturday,0.3152248880347679,0.0
1128,saw,0.39342498324526176,0.0
1129,saying,0.9804681110708156,0.0
1130,scene,0.6740711356950089,0.0
1131,school,0.0037249188726589787,0.08025813621988406
1132,schools,0.22355832451007018,0.0
1133,science,0.4770414160715023,0.0
1134,scientific,0.1620302666396557,0.0
1135,scores,0.04182331342049288,0.0
1136,screen,0.24548148119390956,0.0
1137,sea,1.0,-0.1483962954840651
1138,seat,0.10477460016529047,0.0
1139,second,0.028573834813735478,0.0
1140,secret,0.09078460994291444,0.0
1141,secretary,0.00016451617598825942,0.0
1142,security,0.02853058341145215,0.0
1143,seeking,4.017428482160216e-05,0.0
1144,seen,0.37294635506632146,0.0
1145,self,0.7191786328193712,0.0
1146,senate,0.0027024170354186514,0.0
1147,senator,0.005628405957637049,0.0
1148,sense,0.9251030289996683,0.0
1149,sent,0.0028912888119509675,0.0
1150,sept,0.000233902082248154,0.0
1151,series,0.042629797385722,0.10612554768162125
1152,seriously,0.9910717866938475,0.0
1153,served,0.0004976792466861099,0.0
1154,service,0.08348411487685894,0.0
1155,services,0.11413677900028811,0.0
1156,set,0.07264042588796034,0.0
1157,settled,0.1160479469440415,0.0
1158,severe,0.6148041953018456,0.0
1159,shared,0.18400193968533274,0.0
1160,sharp,0.028492689670929987,0.0
1161,short,0.41460217662255927,0.07477467029161988
1162,shortly,0.16284978651811155,0.0
1163,shot,0.10364854072535283,0.0
1164,showed,0.09895646497969873,0.0
1165,showing,0.12252106570085758,0.0
1166,shown,0.33396004629363896,0.0
1167,shows,0.22953583906164765,0.0
1168,signed,0.00239498161623107,0.0
1169,similar,0.12121732573985639,0.0
1170,simple,0.11923346928419021,0.0
1171,simply,0.8906667735087354,0.0
1172,single,0.06806100746174912,0.0
1173,sister,0.0701546028633796,0.0
1174,situation,0.0003030876940894198,0.0
1175,small,0.0028494234699890956,0.0
1176,smith,0.8304070955519143,-0.16277863587413913
1177,social,0.23886101400265747,0.0
1178,society,0.938763866599998,0.0
1179,sold,0.746805333458437,0.0
1180,somewhat,0.2477887295896678,0.0
1181,sons,0.0006736914486336492,0.0
1182,sort,0.25991409949717004,0.0
1183,sought,0.004519074619531269,0.0
1184,sound,0.15822288642786864,0.0
1185,south,0.009628961579956132,0.0
1186,southern,0.014493795020786158,0.0
1187,soviet,0.0006537381912586869,0.0
1188,speak,0.619090384536116,0.0
1189,speaking,0.013642324985453267,0.0
1190,special,0.03823239710800841,0.0
1191,speech,0.00046933631992655865,0.0
1192,speeches,0.003602055256225891,0.0
1193,spent,0.04241844530537077,0.0
1194,spirit,0.22625792511998588,0.0
1195,spoke,0.8487979433474981,0.0
1196,spokesman,0.08476586040227284,0.6025344278410578
1197,spread,0.020833140169653642,0.0
1198,square,0.5655686283794064,0.0
1199,st,0.04697696704864052,0.0
1200,staff,4.305941404464878e-05,0.0
1201,stage,0.20892795369036699,0.0
1202,stand,0.11852242572125489,0.0
1203,standard,0.22131395061523196,0.0
1204,standing,0.02252797041329234,0.0
1205,stars,0.914591420170177,0.0
1206,start,0.00011468391648396145,0.0
1207,started,2.0268860972590554e-05,0.0
1208,starting,0.3729289336002718,0.0
1209,state,0.014799344150370987,0.0
1210,statement,0.014088760879357799,0.0
1211,states,1.4974115225022446e-05,0.018101570541108822
1212,stay,0.004847924907092029,0.0
1213,stayed,0.04449234366486469,0.0
1214,step,0.03945536179900158,0.0
1215,stock,0.15751758478323852,0.0
1216,stone,0.4932971089568554,0.0
1217,stood,0.15278933895291588,0.0
1218,stopped,0.10865231947849927,0.0
1219,store,0.15429955476847024,0.0
1220,stories,0.5313541832803805,0.0
1221,story,0.6829731155570862,0.0
1222,street,0.9215620113171277,-0.1588397029605013
1223,streets,0.008093024440154436,0.0
1224,strength,0.031069350002680015,0.0
1225,strike,0.007357286256454946,0.0
1226,stroke,0.005995518111871422,0.0
1227,strong,0.07407597468376878,0.0
1228,struck,0.33204754979893825,0.0
1229,structure,0.003957427000677433,0.0
1230,struggle,0.32544020473539803,0.0
1231,student,0.005267311177324557,0.0
1232,students,0.1972031740682223,0.0
1233,studied,0.6546843862055471,0.0
1234,studies,0.16074877320832703,0.0
1235,study,0.3208992901561577,0.0
1236,studying,0.34440246111457584,0.0
1237,style,0.00026585598279356583,0.14814097688414343
1238,subject,0.6431078140102964,0.0
1239,subjects,0.18856943126552905,-0.13035605669840963
1240,subsequent,0.6192791330907477,0.0
1241,subsequently,0.0006792659159856807,0.0
1242,succeeded,0.13248289291284646,0.0
1243,success,0.07119755718835895,0.0
1244,successful,0.13848407032374835,0.0
1245,successor,0.04663309560878991,0.0
1246,suddenly,0.7661360452537671,0.0
1247,suffered,0.14912664799850497,0.0
1248,suffering,0.8958837984551128,0.0
1249,suggested,0.10930177609875871,0.0
1250,suit,0.16728784608215763,0.0
1251,support,3.037757410575293e-08,0.0
1252,supported,5.49566687537985e-06,0.0
1253,supreme,0.004979786457400363,0.0
1254,sure,0.052397579297486514,0.0
1255,surgery,0.2240739648610619,0.0
1256,survived,0.19770759566636043,0.0
1257,symbol,0.38255250111897743,0.0
1258,table,0.7596968725158991,0.0
1259,taken,0.5120996631560176,0.0
1260,talent,0.2035152302276404,0.0
1261,talk,0.8264354982710238,0.0
1262,talked,0.736356466361596,0.0
1263,talking,0.84688742556899,0.0
1264,tall,0.1386346999250178,0.0
1265,task,0.0028134899264762366,0.0
1266,taught,0.7815547460972456,-0.33872076204634344
1267,tax,0.0005380867883337242,0.0
1268,teacher,0.42031000446041344,0.0
1269,teaching,0.32457826649294585,0.0
1270,team,0.00048377938434187635,0.014553039032801073
1271,telephone,0.33420906336980105,0.0
1272,television,0.9456832057503032,0.0
1273,term,0.00041558830340928884,0.0
1274,terms,0.06933661505107597,0.0
1275,theater,0.3825966238023575,0.0
1276,things,0.10864619777115947,0.0
1277,thinking,0.018999946074726874,0.0
1278,thousands,0.4095188419444771,0.0
1279,threatened,0.06807353542878493,0.0
1280,time,0.0002981430563107048,0.23723668268905762
1281,times,0.34892691362158745,0.0
1282,title,0.9191874030668695,0.0
1283,today,0.8183459790838847,0.0
1284,tomorrow,0.6839044850683863,0.0
1285,took,0.03335045437621637,0.0
1286,total,0.6109179408527137,0.0
1287,touch,0.973112356957988,0.0
1288,tour,0.6285895853265635,0.0
1289,toured,0.61195609066901,0.0
1290,town,0.013776867562142348,0.0
1291,trade,0.016261988591527825,0.0
1292,tradition,0.08526446409564156,0.0
1293,traditional,0.26466023958541607,0.0
1294,train,0.6883760408819588,0.0
1295,trained,0.7745192279561105,0.0
1296,training,0.09195301518527751,0.0
1297,traveled,0.23833318982263396,0.0
1298,treatment,0.14657368337134058,0.0
1299,tribute,0.6907883783415503,0.0
1300,tried,0.004085854061022046,0.0
1301,trip,0.23374798596338364,0.0
1302,triumph,0.45855234955372093,0.0
1303,troops,0.00712244856672469,0.0
1304,trouble,0.044082187734940666,0.0
1305,true,0.5585728510948886,0.0
1306,truth,0.020430583325083046,0.0
1307,trying,0.49145669364245204,0.0
1308,turn,0.048019489973721706,0.0
1309,turned,7.631313983884012e-06,0.0
1310,turning,8.956119373346253e-05,0.0
1311,twice,0.024687045810211784,0.0
1312,unable,0.5839930447576194,0.0
1313,understand,0.8003172722965681,0.0
1314,understanding,0.2439841050000673,0.0
1315,understood,0.008337045774017709,0.0
1316,union,0.00019282476514328415,0.0
1317,united,0.00017395675820036972,0.05212515872160028
1318,university,0.00015347178815491557,0.22105377114780786
1319,unusual,0.9162528122006379,0.0
1320,urged,0.040465613085139705,0.0
1321,use,0.04147584120060726,0.0
1322,usual,0.09854541341483965,0.0
1323,usually,0.5216783034924299,0.0
1324,value,0.3999170870145923,0.0
1325,various,0.3273841380100547,0.0
1326,vast,0.531057211319847,0.0
1327,version,0.8510528830965944,0.0
1328,vice,0.0013905107257149365,0.0
1329,victory,0.018077093959812416,0.0
1330,view,9.399996554164577e-07,0.0
1331,views,0.0010001950481871792,0.0
1332,village,0.7660143134470662,-0.06557407017327033
1333,violence,0.2103730960960669,0.0
1334,virtually,0.0013536359968111058,0.0
1335,vision,0.003784438594159062,0.0
1336,visit,0.8422361540376428,0.0
1337,visited,0.35678294984813375,0.0
1338,voice,0.5662333146179634,0.0
1339,volume,0.5391767168848456,0.0
1340,vote,0.5297463994997993,0.0
1341,voted,0.11078311424115984,0.0
1342,walk,0.07051066767939533,0.0
1343,walked,0.0003431950309756156,0.0
1344,want,0.8133236911113776,0.0
1345,wanted,0.009050662041809718,0.0
1346,war,0.00011221875739107716,0.39176065665324483
1347,warm,0.5105067900315188,0.0
1348,washington,0.0008631201428733964,0.13195987252223
1349,water,0.0841983812187179,0.0
1350,ways,0.011440327091454811,0.0
1351,wealth,0.2698218569627082,0.0
1352,week,0.3124812352113402,0.0
1353,weeks,0.018809242431978856,0.0
1354,west,1.0831697121257932e-05,0.0
1355,western,0.00025408296646480503,0.0
1356,white,0.0699032791374351,0.49068305428679215
1357,wide,0.4497947645791066,0.0
1358,widely,0.4236108059567659,0.0
1359,widow,0.33624673158184626,0.0
1360,wife,0.05163627135614499,1.0747917316559406
1361,win,0.8859924526462601,0.0
1362,winning,0.8472921347861171,0.0
1363,woman,1.495228750605883e-15,-2.392403212494486
1364,women,6.519326936564578e-08,-1.3045595266574104
1365,won,0.9055622658579273,0.0
1366,wonderful,0.5501468607642654,0.0
1367,word,0.21699373137584865,0.0
1368,wore,0.5204844576068446,0.0
1369,work,0.18997607586820342,0.0
1370,worked,0.001841747705187817,0.0
1371,workers,0.05476972983761842,0.0
1372,working,0.6905249458513638,0.0
1373,works,0.003783259263277609,0.004199935304830482
1374,world,2.169632888710885e-06,0.140949054599492
1375,worth,0.651035379368679,0.0
1376,write,0.33590834591649377,0.0
1377,writer,0.8391180920556038,0.0
1378,writers,0.8766680990359742,0.0
1379,writing,0.9468714913306703,0.0
1380,writings,0.3972665432199365,0.0
1381,written,0.24514507081759418,0.0
1382,wrong,0.6502143007029721,0.0
1383,wrote,0.9936697450224329,0.0
1384,yale,0.08894089935599778,0.0
1385,year,0.40907967047365723,-0.06285840939210476
1386,years,0.2639085279026525,0.1504268371512379
1387,yesterday,0.33008250187405686,-0.23099230492470643
1388,york,0.9293014852899968,0.0
1389,younger,0.9089649879961413,0.0
1390,youth,0.024774189401569047,0.0
